episode_id,episode_title,streams,listeners
281876,Hashing It Out - Secureum - Rajeev and Top Performers of Epoch 0,662,532
203302,Hashing It Out Personals: Rick Dudley,579,489
187595,Hashing It Out - Pranav Maheshwari - TheGraph,493,402
100369,Hashing It Out #98- ETH 2.0 Panel After The Launch,470,354
134291,Hashing It Out EP#101​: Vivek Singh,430,347
81443,Hashing It Out #93 - Sigma Prime Mehdi Zerouali,419,177
77647,Hashing It Out #92 - DefiSafety - Rex Hygate,418,179
460947,Hashing It Out Personals: Ari Juels,417,369
120554,Hashing It Out #100-Chris and Jay of REACH,414,325
85609,Hashing It Out #64 – Plasma – Kelvin Fichter,403,43
64199,Hashing It Out #86- Ethereum Founder Vitalik Buterin,400,199
85604,Hashing It Out #62 – Bolt Labs – Ayo Akinyele,390,48
176754,Hashing It Out Personals: Austin Griffith,381,306
246348,Hashing it Out Panels- Digital Ownership vs Control,380,307
452886,Hardware infrastructure Pt. 1,373,298
91645,Hashing It Out # 97- CirclesUBI- Sarah Friend,361,247
86460,Hashing It Out #94- Marco Rodrigues Web 3.0,360,174
91644,Hashing It Out #96- Fetch.ai COO Toby Simpson,355,194
162696,Hashing It Out EP 105- Optimism,344,273
85607,Hashing It Out #63 – Nano – Colin LeMahieu,331,122
153267,Hashing It Out #103: ExiledSurfer,330,274
116855,Hashing It Out #99- Taylor Monahan,321,230
170394,Hashing It Out #106-SuperRare NFT Marketplace,316,254
159642,Hashing It Out #104- Niran Babalola and Panvala,306,249
87983,Hashing It Out #95-Cartesi Augusto Texeria Erick De Moura,295,177
492846,Hashing It Out Personals: Corey Petty,285,220
63892,Hashing It Out #84- Ava Labs Kevin Sekniqi and Stephen Buttolph,284,94
66386,Hashing It Out #91-Paradigm Dan Robinson,283,188
459689,Hardware infrastructure Pt. 2,277,222
151287,Hashing It Out #102: Griff Green,271,219
464947,Network infrastructure Pt. 1,256,206
85603,Hashing It Out #61 – Solana – Anatoly Yakovenko,254,77
64204,Hashing It Out #90- Core Scientific-Ian Ferreira,243,82
85648,Hashing It Out #73-Logan Brutsche of DAIHard,242,72
493496,Application infrastructure Pt. 1,240,199
85640,Hashing It Out #76- Namebase.io Tieshun Roquerre,238,60
476086,Hashing It Out Personals: David Theodore,238,179
479566,Consensus infrastructure Pt. 1,238,171
64202,Hashing It Out #89-Optimism Karl Floersch,236,53
473047,Network infrastructure Pt. 2,236,183
64195,Hashing It Out #85- Gauntlet.Network Tarun Chitra,234,68
85611,Hashing It Out #65 – Cypher Core – Jay Jie and Ken Trueba,230,40
491596,Data Infrastructure Pt. 2,230,144
63615,Hashing It Out #67-Optimistic Rollups - John Adler,222,92
490751,Data Infrastructure Pt. 1,219,156
63626,Hashing It Out #70-Akash Network-Greg Osuri,214,71
85430,Hashing It Out #60 – Balance Research – Arthur Gervais & Dominik Harz,214,89
63888,Hashing It Out #81- Unstoppable Domains Brad Kam,211,52
64200,Hashing It Out #87-Informal Systems Ethan Buchman,211,41
467718,Flash Hash: 09/11/22,201,165
483328,Consensus infrastructure Pt. 2,195,141
63883,"Hashing It Out #77-Tendermint & Cosmos w/ Brent, Chjango , and Sunny",194,51
63885,Hashing It Out #79- Alex Masmejean Rocket NFT/MetaCartel,194,37
63627,Hashing It Out  #EP 71-Grin-Michael Cordner and David Burkett,192,41
63889,Hashing It Out #82- The Transition with Dean & John,191,27
64201,Hashing It Out #88- FourSquare Max Sklar,191,20
63884,Hashing It Out #78- Certora - Mooly Sagiv,190,37
63629,Hashing It Out #72-Althea-Jehan Tremback,184,49
63624,Hashing It Out-#69 - OpenLIbra - Lucas Geiger and Zaki Manian,183,32
63680,Hashing It Out #75-Truman Esmond- VP of AAIS,183,37
63887,Hashing It Out #80-Golem-CEO Piotr Janiuk,182,33
485912,Hashing It Out Personals: Lucian Stroie,182,125
63668,Hashing It Out #74 - SKALE Labs- Stan Kladko,178,35
63891,Hashing It Out #83-Panvala Niran Babalola,178,23
489248,Flash Hash 10-31-2022,170,139
63617,Hashing It Out #68 - Sergi Delgado - Whatsat and Lightning Network,169,27
482132,Flash Hash 10/09/22,167,139
61014,Hashing It Out #59 - Truebit - Jason Teutsch,157,131
496445,Hashing It Out Personals: Dee Ferguson,153,127
494774,Flash Hash: 12/05/2022,150,124
495947,Application infrastructure Pt. 2,136,107
61072,Hashing It Out #1: Nick Johnson,132,104
61023,Hashing It Out #50 - AVA Labs - Emin Gün Sirer,121,73
61063,Hashing It Out #10: TrueBit - Harley Swick,111,82
497775,Flash Hash 01/02/2023,111,105
498205,Flash Hash: 01/09/2023,88,86
61050,Hashing It Out #23: Avalanche - Emin Gün Sirer,84,50
61028,Hashing It Out #45 - Cosmos Network - Zaki Manian,73,39
61013,Hashing It Out #66 - Trueblocks - Thomas Jay Rush,67,33
61019,Hashing It Out #54 - Ethereum Geth 1.9.0 - Péter Szilágyi & Martin Swende,66,36
61030,Hashing It Out #43 - Kadena - Stuart Popejoy and Emily Pillmore,64,36
61027,Hashing It Out #46 - Ren - Loong Wang,60,30
61025,Hashing It Out #48 - MakerDAO pt. 2 - Nik Kunkel,57,21
61042,Hashing It Out #31: Pokt Network - Michael O'Rourke & Luis C. de Leon,56,33
61026,Hashing It Out #47 - MakerDAO pt. 1 - Nik Kunkel,50,16
61052,Hashing It Out #21: Mythril - Bernhard Mueller,50,36
61018,Hashing It Out #55: ConsenSys Diligence - Steve Marx,49,20
61016,Hashing It Out #57 - Consensys Lab's Tachyon - Gabriel Anderson,49,18
61022,Hashing It Out #51 - Blockstream - Andrew Poelstra,49,19
61031,Hashing It Out #42 - Monero Research Lab - Brandon Goodell,48,21
61046,Hashing It Out #27: Radical Markets - Dr. E. Glen Weyl,47,26
61067,Hashing It Out #6: Stuart Popejoy,46,27
61015,Hashing It Out #58 - Stellar - Nikhil Saraf,43,12
61017,Hashing It Out #56 - Mattereum - Vinay Gupta,41,12
61070,Hashing It Out #3: Fabian Vogelsteller,41,18
61039,Hashing It Out #34: Storj - Shawn Wilkinson & JT Olio,39,22
61029,Hashing It Out #44 - Blockstream - Russell O'Connor,39,15
61037,Hashing It Out #36: Dan Robinson - HTLCs (And why they suck),38,16
61061,Hashing It Out #12: Full Casper Chain v2 - Casper + Sharding,37,19
61032,Hashing It Out #41 - MyCrypto - Harry Denley,36,13
61021,Hashing It Out #52 - Blockstack - Aaron Blankstein,36,14
61071,Hashing It Out #2: Orie Steele,36,17
61033,Hashing It Out #40 - Liam Horne - L4,35,13
61020,Hashing It Out #53 - Trail of Bits - Dan Guido,34,12
61034,Hashing It Out #39 - Patrick McCorry - State Channels,34,9
61040,Hashing It Out #33: Loom Network / Plasma Cash - Georgios Konstantopoulos,34,13
61051,Hashing It Out #22: Casper+Sharding - Danny Ryan,34,13
61024,Hashing It Out #49 - xDAI Burner Wallet - Austin Griffith,33,11
61045,Hashing It Out #28: Panvala - Niran Babalola,33,15
61044,Hashing It Out #29: Universal Logins - Alex van de Sande,32,13
61041,Hashing It Out #32: Grid+ - Alex Miller & Karl Kreder,32,13
61059,Hashing It Out #14: Thaer Khawaja - Masari,32,18
61038,Hashing It Out #35: Constantinople Postponement - Trail of Bits & ChainSecurity,31,9
61066,Hashing It Out #7: MIMIR Blockchain Solutions,31,18
61054,Hashing It Out #19: Gitcoin - Kevin Owocki,30,11
61047,"Hashing It Out #26: NuFHE - Michael Egorov and John ""Tux"" Pacific",30,11
61055,Hashing It Out #18: Origin Protocol - Stan James,30,8
61049,Hashing It Out #24: Loki Network - Simon Harman & Kee Jefferys,28,13
61062,"Hashing It Out #11: NuCypher - John ""Tux"" Pacific & David Nunez",28,10
61035,Hashing It Out #38 - KZen - Omer Shlomovits,28,8
61053,Hashing It Out #20: Quantstamp - Kacper Bak,28,10
61068,Hashing It Out #5: Zaki Manian,28,13
61036,Hashing It Out #37 - Base Zero - Matt Zimmerman and Ken Sedgwick,27,8
61057,Hashing It Out #16: Fr8 Protocol Team,26,9
61060,Hashing It Out #13: Logan Brutsche – Crypto Primitives Class,26,7
61064,Hashing It Out #9: Rick Dudley,26,11
61065,Hashing It Out #8: Mahnush Movahedi,26,13
61043,Hashing It Out #30: CyberMiles - Michael Yuan,26,11
61048,Hashing It Out #25: Embark Framework - Iuri Matias,25,8
61058,Hashing It Out #15: Ryan John King and Kristoffer Josefsson – FOAM,24,5
61056,Hashing It Out #17: Modular - Chris Brown & Will Dias,22,7
61069,Hashing It Out #4: William O'Beirne,22,9
63882,,3,3
85340,,3,0
63698,,2,1
85342,,2,0
63633,,1,0
63636,,1,0
63637,,1,1
63663,,1,1
63682,,1,0
63683,,1,0
63695,,1,0
63696,,1,0
85339,,1,1
