episode_id,episode_title,streams
281876,Hashing It Out - Secureum - Rajeev and Top Performers of Epoch 0,662
203302,Hashing It Out Personals: Rick Dudley,579
187595,Hashing It Out - Pranav Maheshwari - TheGraph,493
100369,Hashing It Out #98- ETH 2.0 Panel After The Launch,470
64199,Hashing It Out #86- Ethereum Founder Vitalik Buterin,400
91645,Hashing It Out # 97- CirclesUBI- Sarah Friend,361
91644,Hashing It Out #96- Fetch.ai COO Toby Simpson,355
87983,Hashing It Out #95-Cartesi Augusto Texeria Erick De Moura,295
66386,Hashing It Out #91-Paradigm Dan Robinson,283
85607,Hashing It Out #63 – Nano – Colin LeMahieu,239
