Content,Video title,Video publish time,Views,Watch time (hours),Subscribers,Impressions,Impressions click-through rate (%)
Total,,,2699,400.4704,103,22831,2.85
_f0uLkJ1qHc,Hashing It Out Personals: Ari Juels,"Aug 28, 2022",798,99.9279,9,4575,2.32
aHBKiR8k764,Hashing It Out Personals: Ari Paul,"Nov 9, 2021",511,138.8961,11,5645,2.75
43kuHpqikPI,Hashing It Out - Secureum - Rajeev and Top Performers of Epoch 0,"Mar 12, 2022",270,31.9832,12,1084,5.54
T3LOyB2oJu8,Hashing It Out -  Pranav Maheshwari - TheGraph,"Sep 10, 2021",185,19.2845,3,1251,4.8
9nzqntuFR44,Status Learn-Up: Hardware Wallet Introductions and Best Practices by Corey,"Sep 16, 2021",92,7.8691,3,1304,1.46
_6UIapv0bSI,Hashing It Out #103: ExiledSurfer,"May 26, 2021",75,19.9551,5,387,4.91
La9cPRhyQKw,Web3 Triangle Meetup - Social Crypto Talk,"Feb 11, 2022",74,6.1507,2,408,3.43
CZT99WsdSpE,Hashing It Out Personals: Rick Dudley,"Nov 4, 2021",70,11.7062,2,748,2.54
sVQTa5fc_44,Hashing It Out Personals: Austin Griffith,"Aug 27, 2021",70,15.3319,3,601,2.16
GzUO70RYiGw,Hashing It Out #101: Vivek Singh,"Apr 3, 2021",56,4.5538,2,193,9.84
lnW97WV1DkU,Hashing It Out #105: Optimism,"Jul 7, 2021",52,8.127,1,158,7.59
exOZV1Rtq_Y,Flash Hash,"Aug 14, 2022",50,1.6395,0,554,1.08
jQpAfWEAB2g,Hashing It Out #102: Griff Green,"May 20, 2021",45,4.0829,3,119,7.56
3FvB0N09hCg,Hashing It Out #106: SuperRare NFT Marketplace,"Jul 31, 2021",39,2.0111,0,267,5.24
lV4XqnUb_pk,HIO Panels: Digital Ownership vs Control,"Feb 9, 2022",39,4.2093,1,356,3.37
3_KfbAhtP_s,Hashing It Out #104: Niran Babalola and Panvala,"Jun 17, 2021",36,2.1015,2,319,4.08
GX27Tq8e3lE,Flash Hash 10/09/22,"Oct 9, 2022",36,1.7751,0,149,8.05
CC-bpd-hZ6g,Hashing It Out Personals: Lucian Stroie,"Oct 24, 2022",31,2.0177,1,563,1.6
CuYKAmYspDo,Hashing It Out Personals: David Theodore,"Sep 25, 2022",29,4.4613,0,303,4.29
3EDdi1kpvNk,Flash Hash 10/31/22,"Oct 31, 2022",28,2.8891,1,381,3.67
WuaMA852Rf4,Hashing It Out Personals: Corey Petty,"Nov 21, 2022",22,1.9536,0,524,0.95
yJC7BcDhdXg,Flash Hash 09/11/22,"Sep 11, 2022",17,0.9132,0,426,1.88
DWMFgCbUZXY,Hashing It Out Personals: Dee Ferguson,"Dec 19, 2022",15,3.1067,0,976,1.02
I3VMAqebmak,Flash Hash 01/02/2023,"Jan 3, 2023",15,0.834,0,270,2.59
fy46Dp6FP0g,Flash Hash: 01/09/23,"Jan 11, 2023",13,0.2725,0,187,2.67
krcbtMGHQlI,Flash Hash: 01/17/23,"Jan 17, 2023",12,1.6706,0,562,1.07
kMoycmr9r_Y,Flash Hash 12/05/22,"Dec 6, 2022",10,0.5443,0,233,3.43
bspG4eGAGYE,Corey playing with Trueblocks - Part 1,,2,1.4452,0,2,0
